{
  "toolchainPath": "c:\\ncs\\toolchains\\b620d30767",
  "sdkPath": "c:\\ncs\\v2.8.0",
  "board": "nrf54l15dk/nrf54l15/cpuapp",
  "boardDirs": [
    "c:\\ncs\\v2.8.0\\zephyr\\boards\\nordic\\nrf54l15dk"
  ],
  "boardRevision": "",
  "boardDir": "c:\\ncs\\v2.8.0\\zephyr\\boards\\nordic\\nrf54l15dk",
  "shouldBuild": true,
  "optimizations": "none",
  "cmakeArgs": [],
  "confFiles": [],
  "buildDirectory": "build_1",
  "kconfigFragments": [],
  "snippets": [],
  "dtcOverlays": [],
  "extraDtcOverlays": []
}