{
    "family": "NRF54L_FAMILY",
    "operations": [
        {
            "operation": {
                "type": "program",
                "firmware": {
                    "file": "C:\\Users\\ruiying\\Desktop\\peripheral_uart\\build_1\\merged.hex"
                },
                "chip_erase_mode": "ERASE_ALL",
                "verify": "VERIFY_READ"
            },
            "operationId": "1"
        },
        {
            "operation": {
                "type": "reset",
                "option": "RESET_PIN"
            },
            "operationId": "2"
        }
    ]
}
