{
	"sources" : 
	[
		{
			"file" : "C:/Users/ruiying/Desktop/peripheral_uart/build_1/_sysbuild/sysbuild/images/CMakeFiles/peripheral_uart"
		},
		{
			"file" : "C:/Users/ruiying/Desktop/peripheral_uart/build_1/_sysbuild/sysbuild/images/CMakeFiles/peripheral_uart.rule"
		},
		{
			"file" : "C:/Users/ruiying/Desktop/peripheral_uart/build_1/_sysbuild/sysbuild/images/CMakeFiles/peripheral_uart-complete.rule"
		},
		{
			"file" : "C:/Users/ruiying/Desktop/peripheral_uart/build_1/_sysbuild/sysbuild/images/peripheral_uart-prefix/src/peripheral_uart-stamp/peripheral_uart-build.rule"
		},
		{
			"file" : "C:/Users/ruiying/Desktop/peripheral_uart/build_1/_sysbuild/sysbuild/images/peripheral_uart-prefix/src/peripheral_uart-stamp/peripheral_uart-configure.rule"
		},
		{
			"file" : "C:/Users/ruiying/Desktop/peripheral_uart/build_1/_sysbuild/sysbuild/images/peripheral_uart-prefix/src/peripheral_uart-stamp/peripheral_uart-download.rule"
		},
		{
			"file" : "C:/Users/ruiying/Desktop/peripheral_uart/build_1/_sysbuild/sysbuild/images/peripheral_uart-prefix/src/peripheral_uart-stamp/peripheral_uart-install.rule"
		},
		{
			"file" : "C:/Users/ruiying/Desktop/peripheral_uart/build_1/_sysbuild/sysbuild/images/peripheral_uart-prefix/src/peripheral_uart-stamp/peripheral_uart-mkdir.rule"
		},
		{
			"file" : "C:/Users/ruiying/Desktop/peripheral_uart/build_1/_sysbuild/sysbuild/images/peripheral_uart-prefix/src/peripheral_uart-stamp/peripheral_uart-patch.rule"
		},
		{
			"file" : "C:/Users/ruiying/Desktop/peripheral_uart/build_1/_sysbuild/sysbuild/images/peripheral_uart-prefix/src/peripheral_uart-stamp/peripheral_uart-update.rule"
		}
	],
	"target" : 
	{
		"labels" : 
		[
			"peripheral_uart"
		],
		"name" : "peripheral_uart"
	}
}